<?xml version="1.0" encoding="UTF-8"?>

<!-- default directory 설정 -->

<decorators defaultdir="/WEB-INF/views">

	<!-- sample -->
	<decorator name="footer" page="layout/layoutfooter.jsp"/>
	<decorator name="layouthader" page="layout/layouthader.jsp"/>
	<decorator name="layoutcontent" page="layout/layoutcontent.jsp"/>
	<decorator name="leftmenu" page="layout/layoutleft.jsp" />
	<decorator name="default" page="layout/layout.jsp" />
	<decorator name="home" page="layout/layout.jsp">
		<pattern>/</pattern>
	</decorator>
	
	<!-- decorators를 적용시키지 않을 url 패턴 -->
	<excludes>
<!-- 		<pattern>/memberList</pattern> -->
	</excludes>

</decorators>