-- MySQL dump 10.13  Distrib 5.7.21, for Win64 (x86_64)
--
-- Host: localhost    Database: aiappdb
-- ------------------------------------------------------
-- Server version	5.7.21-log

/*!40101 SET @OLD_CHARACTER_SET_CLIENT=@@CHARACTER_SET_CLIENT */;
/*!40101 SET @OLD_CHARACTER_SET_RESULTS=@@CHARACTER_SET_RESULTS */;
/*!40101 SET @OLD_COLLATION_CONNECTION=@@COLLATION_CONNECTION */;
/*!40101 SET NAMES utf8 */;
/*!40103 SET @OLD_TIME_ZONE=@@TIME_ZONE */;
/*!40103 SET TIME_ZONE='+00:00' */;
/*!40014 SET @OLD_UNIQUE_CHECKS=@@UNIQUE_CHECKS, UNIQUE_CHECKS=0 */;
/*!40014 SET @OLD_FOREIGN_KEY_CHECKS=@@FOREIGN_KEY_CHECKS, FOREIGN_KEY_CHECKS=0 */;
/*!40101 SET @OLD_SQL_MODE=@@SQL_MODE, SQL_MODE='NO_AUTO_VALUE_ON_ZERO' */;
/*!40111 SET @OLD_SQL_NOTES=@@SQL_NOTES, SQL_NOTES=0 */;

--
-- Table structure for table `balance`
--

DROP TABLE IF EXISTS `balance`;
/*!40101 SET @saved_cs_client     = @@character_set_client */;
/*!40101 SET character_set_client = utf8 */;
CREATE TABLE `balance` (
  `newyyyy` varchar(4) DEFAULT NULL,
  `yyyy` varchar(4) NOT NULL,
  `vendcode` varchar(4) NOT NULL,
  `vendname` varchar(20) DEFAULT NULL,
  `preyybalance` int(11) DEFAULT NULL,
  `prebalance01` int(11) DEFAULT NULL,
  `prebalance02` int(11) DEFAULT NULL,
  `prebalance03` int(11) DEFAULT NULL,
  `prebalance04` int(11) DEFAULT NULL,
  `prebalance05` int(11) DEFAULT NULL,
  `prebalance06` int(11) DEFAULT NULL,
  `prebalance07` int(11) DEFAULT NULL,
  `prebalance08` int(11) DEFAULT NULL,
  `prebalance09` int(11) DEFAULT NULL,
  `prebalance10` int(11) DEFAULT NULL,
  `prebalance11` int(11) DEFAULT NULL,
  `prebalance12` int(11) DEFAULT NULL,
  `deal01` int(11) DEFAULT NULL,
  `deal02` int(11) DEFAULT NULL,
  `deal03` int(11) DEFAULT NULL,
  `deal04` int(11) DEFAULT NULL,
  `deal05` int(11) DEFAULT NULL,
  `deal06` int(11) DEFAULT NULL,
  `deal07` int(11) DEFAULT NULL,
  `deal08` int(11) DEFAULT NULL,
  `deal09` int(11) DEFAULT NULL,
  `deal10` int(11) DEFAULT NULL,
  `deal11` int(11) DEFAULT NULL,
  `deal12` int(11) DEFAULT NULL,
  `pay01` int(11) DEFAULT NULL,
  `pay02` int(11) DEFAULT NULL,
  `pay03` int(11) DEFAULT NULL,
  `pay04` int(11) DEFAULT NULL,
  `pay05` int(11) DEFAULT NULL,
  `pay06` int(11) DEFAULT NULL,
  `pay07` int(11) DEFAULT NULL,
  `pay08` int(11) DEFAULT NULL,
  `pay09` int(11) DEFAULT NULL,
  `pay10` int(11) DEFAULT NULL,
  `pay11` int(11) DEFAULT NULL,
  `pay12` int(11) DEFAULT NULL,
  `balanc01` int(11) DEFAULT NULL,
  `balance02` int(11) DEFAULT NULL,
  `balance03` int(11) DEFAULT NULL,
  `balance04` int(11) DEFAULT NULL,
  `balance05` int(11) DEFAULT NULL,
  `balance06` int(11) DEFAULT NULL,
  `balance07` int(11) DEFAULT NULL,
  `balance08` int(11) DEFAULT NULL,
  `balance09` int(11) DEFAULT NULL,
  `balance10` int(11) DEFAULT NULL,
  `balance11` int(11) DEFAULT NULL,
  `balance12` int(11) DEFAULT NULL,
  `balance` int(11) DEFAULT NULL,
  `paytot` int(11) DEFAULT NULL,
  `dealtot` int(11) DEFAULT NULL,
  PRIMARY KEY (`yyyy`,`vendcode`)
) ENGINE=InnoDB DEFAULT CHARSET=utf8;
/*!40101 SET character_set_client = @saved_cs_client */;

--
-- Dumping data for table `balance`
--

LOCK TABLES `balance` WRITE;
/*!40000 ALTER TABLE `balance` DISABLE KEYS */;
/*!40000 ALTER TABLE `balance` ENABLE KEYS */;
UNLOCK TABLES;

--
-- Table structure for table `board`
--

DROP TABLE IF EXISTS `board`;
/*!40101 SET @saved_cs_client     = @@character_set_client */;
/*!40101 SET character_set_client = utf8 */;
CREATE TABLE `board` (
  `b_seq` int(11) NOT NULL,
  `b_ref` int(11) DEFAULT NULL,
  `b_step` int(3) DEFAULT NULL,
  `b_email` varchar(30) DEFAULT NULL,
  `b_name` varchar(20) DEFAULT NULL,
  `b_title` varchar(200) DEFAULT NULL,
  `b_content` varchar(3000) DEFAULT NULL,
  `b_hit` int(3) DEFAULT NULL,
  `b_attach` varchar(200) DEFAULT NULL,
  `b_inputtime` varchar(50) DEFAULT NULL,
  `b_inputip` varchar(50) DEFAULT NULL,
  PRIMARY KEY (`b_seq`)
) ENGINE=InnoDB DEFAULT CHARSET=utf8;
/*!40101 SET character_set_client = @saved_cs_client */;

--
-- Dumping data for table `board`
--

LOCK TABLES `board` WRITE;
/*!40000 ALTER TABLE `board` DISABLE KEYS */;
INSERT INTO `board` VALUES (1,1,0,'111@111','123','123','<p>123</p>',0,NULL,'2021년 02월 18일 04시 27:10','0:0:0:0:0:0:0:1'),(2,2,0,'111@111','123','4124','<p>124124</p>',0,NULL,'2021년 02월 18일 05시 04:49','0:0:0:0:0:0:0:1'),(3,3,0,'111@111','123','ㄻㅎㅎ','<p>aㅎㅁㅎㅇㅁ</p>',0,NULL,'2021년 02월 18일 05시 04:57','0:0:0:0:0:0:0:1'),(4,4,0,'111@111','123','안녕하세요','<p>안녕하세요</p>',0,NULL,'2021년 02월 18일 05시 05:08','0:0:0:0:0:0:0:1'),(5,5,0,'111@111','123','안녕하세요','<p>안녕하세요</p>',0,NULL,'2021년 02월 18일 05시 05:15','0:0:0:0:0:0:0:1'),(6,6,0,'111@111','123','안녕하세요','<p>안녕하세요</p>',0,NULL,'2021년 02월 18일 05시 05:21','0:0:0:0:0:0:0:1'),(7,7,0,'111@111','123','안녕하세요','<p>안녕하세요</p>',0,NULL,'2021년 02월 18일 05시 05:26','0:0:0:0:0:0:0:1'),(8,8,0,'111@111','123','안녕하세요','<p>안녕하세요</p>',0,NULL,'2021년 02월 18일 05시 05:32','0:0:0:0:0:0:0:1'),(9,9,0,'111@111','123','안녕하세요','<p>안녕하세요ㄴㅁㅁ</p>',0,NULL,'2021년 02월 18일 05시 05:38','0:0:0:0:0:0:0:1'),(10,10,0,'111@111','123','안녕하세요','<p>12</p>',0,NULL,'2021년 02월 18일 05시 05:46','0:0:0:0:0:0:0:1'),(11,11,0,'111@111','123','안녕하세요124','<p>124</p>',2,NULL,'2021년 02월 18일 05시 05:54','0:0:0:0:0:0:0:1'),(12,12,0,'111@111','123','','',0,NULL,'2021년 02월 19일 09시 00:28','0:0:0:0:0:0:0:1'),(14,0,1,'111@111','123','[답글]크하','',0,NULL,'2021년 02월 19일 04시 27:35','127.0.0.1'),(15,0,2,'111@111','123','[답글]크하','<p>123</p>',0,NULL,'2021년 02월 19일 04시 27:40','0:0:0:0:0:0:0:1'),(16,0,3,'111@111','123','[답글]안녕하세요124','',0,NULL,'2021년 02월 19일 04시 28:26','127.0.0.1'),(17,0,4,'111@111','123','[답글]안녕하세요124','',0,NULL,'2021년 02월 19일 04시 29:32','0:0:0:0:0:0:0:1'),(18,0,5,'111@111','123','[답글]안녕하세요124','',0,NULL,'2021년 02월 19일 04시 29:49','0:0:0:0:0:0:0:1'),(19,0,6,'111@111','123','[답글]안녕하세요124','',0,NULL,'2021년 02월 19일 04시 31:09','0:0:0:0:0:0:0:1'),(20,0,7,'111@111','123','[답글]안녕하세요124','',0,NULL,'2021년 02월 19일 04시 31:17','0:0:0:0:0:0:0:1'),(21,0,8,'111@111','123','[답글]안녕하세요124','',0,NULL,'2021년 02월 19일 04시 32:16','0:0:0:0:0:0:0:1'),(22,0,9,'111@111','123','[답글]안녕하세요124','',0,NULL,'2021년 02월 19일 04시 32:46','0:0:0:0:0:0:0:1'),(23,0,10,'111@111','123','[답글]안녕하세요124','',0,NULL,'2021년 02월 19일 04시 41:00','0:0:0:0:0:0:0:1'),(24,0,11,'111@111','123','[답글]크하','',0,NULL,'2021년 02월 19일 04시 43:14','0:0:0:0:0:0:0:1'),(25,0,12,'111@111','123','[답글]크하','',0,NULL,'2021년 02월 19일 04시 43:47','0:0:0:0:0:0:0:1'),(26,0,13,'111@111','123','[답글]크하','',0,NULL,'2021년 02월 19일 04시 44:00','0:0:0:0:0:0:0:1'),(27,0,14,'111@111','123','[답글]크하','',0,NULL,'2021년 02월 19일 04시 44:21','127.0.0.1'),(28,0,15,'111@111','123','[답글]크하','',0,NULL,'2021년 02월 19일 04시 45:00','0:0:0:0:0:0:0:1'),(29,0,16,'111@111','123','[답글]안녕하세요124','<ul class=\"tox-checklist\">\r\n<li>14124</li>\r\n</ul>',0,NULL,'2021년 02월 19일 04시 45:25','0:0:0:0:0:0:0:1'),(30,0,17,'111@111','123','[답글]안녕하세요','<p>142412</p>',0,NULL,'2021년 02월 19일 04시 45:35','0:0:0:0:0:0:0:1'),(31,10,11,'111@111','123','[답글] 안녕하세요','<p>ㅣㅣ</p>',0,NULL,'2021년 02월 22일 11시 20:44','0:0:0:0:0:0:0:1');
/*!40000 ALTER TABLE `board` ENABLE KEYS */;
UNLOCK TABLES;

--
-- Table structure for table `member`
--

DROP TABLE IF EXISTS `member`;
/*!40101 SET @saved_cs_client     = @@character_set_client */;
/*!40101 SET character_set_client = utf8 */;
CREATE TABLE `member` (
  `email` varchar(20) NOT NULL,
  `name` varchar(20) NOT NULL,
  `password` varchar(100) DEFAULT NULL,
  `phone` varchar(20) DEFAULT NULL,
  `phone1` varchar(2) DEFAULT NULL,
  `phone2` varchar(4) DEFAULT NULL,
  `phone3` varchar(4) DEFAULT NULL,
  `memlevel` varchar(20) DEFAULT '9',
  `photo` varchar(100) DEFAULT 'resources/Image/noimage.jpg',
  PRIMARY KEY (`email`)
) ENGINE=InnoDB DEFAULT CHARSET=utf8;
/*!40101 SET character_set_client = @saved_cs_client */;

--
-- Dumping data for table `member`
--

LOCK TABLES `member` WRITE;
/*!40000 ALTER TABLE `member` DISABLE KEYS */;
INSERT INTO `member` VALUES ('111@111','123','$2a$10$7/oy2GotUE.1TT5O/UxLFeeggrAPwB/RJhyxX0m1R86n8avkF3nMe','010-123-123',NULL,'123','123','1','resources/Image/noimage.jpg'),('111@123','123','$2a$10$SdaE3VPnoU0MUw1zfrPY3esV1QiHh/1LIEdID3mTtz20tFgNx2tQ.','',NULL,NULL,NULL,'2','/images/noimage.png'),('1234@1234','1234','$2a$10$EDAbsSi8u8tNwFcTko8ngupWS.AoYyX9S3g2UkLGoc.Zlr5RBZpfK','1234',NULL,NULL,NULL,'0','/images/noimage.png'),('1414@1414','1414','$2a$10$JUtQAv9mPKaxLze0x.aF.eAVpdWbxskeuAN7zSg/kwBcZX.ZFGale','1414',NULL,NULL,NULL,'9','/images/noimage.png'),('14@14','14','$2a$10$yu1TetpQ6gMyj2G3y9TWYecKPq723mQ5Y8XPNfAJQ4deWmyVcrqky','14',NULL,NULL,NULL,'9','/images/noimage.png'),('456@456','ì´í¸í','$2a$10$drYjId0eqOHiNtkD1gGp9.MkM5swmrCAk72cKre802ftjWg0TAbiO','010-333-456',NULL,'333','456','0','resources/Image/noimage.jpg'),('dlghvnd@123','이호풍','$2a$10$Ltmvh9eVjanCu1kuLTFqOOeZ5oisEMGIHJyu5nUvyxUrgU6zLgGTi','1234',NULL,NULL,NULL,'9','/images/noimage.png'),('lhp0522@naver.com','hopoong','$2a$10$xSAlneV34vDFTraXF8O1lePgEJzO3SDoaPAhS9msiQcpnv/ADDBa2','1234',NULL,NULL,NULL,'9','/images/noimage.png');
/*!40000 ALTER TABLE `member` ENABLE KEYS */;
UNLOCK TABLES;

--
-- Table structure for table `product`
--

DROP TABLE IF EXISTS `product`;
/*!40101 SET @saved_cs_client     = @@character_set_client */;
/*!40101 SET character_set_client = utf8 */;
CREATE TABLE `product` (
  `code` varchar(13) NOT NULL,
  `name` varchar(30) DEFAULT NULL,
  `capacity` varchar(30) DEFAULT NULL,
  `buyprice` int(11) DEFAULT '0',
  `saleprice` int(11) DEFAULT '0',
  `preyystock` int(7) DEFAULT '0',
  `premmstock` int(7) DEFAULT '0',
  `preddstock` int(7) DEFAULT '0',
  `buy01` int(7) DEFAULT '0',
  `buy02` int(7) DEFAULT '0',
  `buy03` int(7) DEFAULT '0',
  `buy04` int(7) DEFAULT '0',
  `buy05` int(7) DEFAULT '0',
  `buy06` int(7) DEFAULT '0',
  `buy07` int(7) DEFAULT '0',
  `buy08` int(7) DEFAULT '0',
  `buy09` int(7) DEFAULT '0',
  `buy10` int(7) DEFAULT '0',
  `buy11` int(7) DEFAULT '0',
  `buy12` int(7) DEFAULT '0',
  `sale01` int(7) DEFAULT '0',
  `sale02` int(7) DEFAULT '0',
  `sale03` int(7) DEFAULT '0',
  `sale04` int(7) DEFAULT '0',
  `sale05` int(7) DEFAULT '0',
  `sale06` int(7) DEFAULT '0',
  `sale07` int(7) DEFAULT '0',
  `sale08` int(7) DEFAULT '0',
  `sale09` int(7) DEFAULT '0',
  `sale10` int(7) DEFAULT '0',
  `sale11` int(7) DEFAULT '0',
  `sale12` int(7) DEFAULT '0',
  `stock` int(7) DEFAULT '0',
  `explenation` int(7) DEFAULT '0',
  PRIMARY KEY (`code`)
) ENGINE=InnoDB DEFAULT CHARSET=utf8;
/*!40101 SET character_set_client = @saved_cs_client */;

--
-- Dumping data for table `product`
--

LOCK TABLES `product` WRITE;
/*!40000 ALTER TABLE `product` DISABLE KEYS */;
INSERT INTO `product` VALUES ('123','123','123',123,132,123,123,123,123,123,123,123,123,123,123,1231,11,1,11,1,123,123,123,123,123,123,123,11,1,11,11,1,123,NULL),('1234','이호풍','123',123,123,123,123,123,123,123,123,123,123,1231,123,11,111,1,1,1,123,123,123,123,123,123,1,1,1,1,1,1,123,NULL);
/*!40000 ALTER TABLE `product` ENABLE KEYS */;
UNLOCK TABLES;

--
-- Table structure for table `salary`
--

DROP TABLE IF EXISTS `salary`;
/*!40101 SET @saved_cs_client     = @@character_set_client */;
/*!40101 SET character_set_client = utf8 */;
CREATE TABLE `salary` (
  `empno` varchar(6) NOT NULL,
  `depart` varchar(4) DEFAULT NULL,
  `name` varchar(20) DEFAULT NULL,
  `partner` int(1) DEFAULT '0',
  `dependent20` int(2) DEFAULT '0',
  `dependent60` int(1) DEFAULT '0',
  `disabled` int(1) DEFAULT '0',
  `womanpower` int(1) DEFAULT '0',
  `pay` int(11) DEFAULT '0',
  `extra` int(11) DEFAULT '0',
  `yn` varchar(4) DEFAULT 'y',
  PRIMARY KEY (`empno`)
) ENGINE=InnoDB DEFAULT CHARSET=utf8;
/*!40101 SET character_set_client = @saved_cs_client */;

--
-- Dumping data for table `salary`
--

LOCK TABLES `salary` WRITE;
/*!40000 ALTER TABLE `salary` DISABLE KEYS */;
INSERT INTO `salary` VALUES ('1','n','123',0,0,0,0,0,123,123,'y'),('12','n','이호풍',0,1,0,0,0,124,125,NULL),('123','n','이호풍',0,0,0,0,0,123,123,'0'),('1234','n','이호풍',0,0,0,0,0,123,123,'y'),('124','n','이호풍',0,0,0,0,0,123,123,'y'),('14','n','이호풍',0,0,0,0,0,123,123,'y'),('15','n','이호풍',0,1,1,0,0,12,21,'y'),('1515','n','이호풍',0,0,0,0,0,125,125,NULL),('2','n','이호풍',0,0,0,0,0,123,123,'y'),('5','n','이호풍',1,1,0,0,0,125,125,'y');
/*!40000 ALTER TABLE `salary` ENABLE KEYS */;
UNLOCK TABLES;

--
-- Table structure for table `salaryregister`
--

DROP TABLE IF EXISTS `salaryregister`;
/*!40101 SET @saved_cs_client     = @@character_set_client */;
/*!40101 SET character_set_client = utf8 */;
CREATE TABLE `salaryregister` (
  `yyyy` varchar(4) NOT NULL,
  `mm` varchar(2) NOT NULL,
  `empno` varchar(6) NOT NULL,
  `depart` varchar(20) DEFAULT NULL,
  `name` varchar(20) DEFAULT NULL,
  `partner` int(1) DEFAULT '0',
  `dependent20` int(2) DEFAULT '0',
  `dependent60` int(1) DEFAULT '0',
  `disabled` int(1) DEFAULT '0',
  `womanpower` int(1) DEFAULT '0',
  `mmpay` int(1) DEFAULT '0',
  `insurance` int(1) DEFAULT '0',
  `tax` int(9) DEFAULT '0',
  `residence` int(9) DEFAULT '0',
  `finalpay` int(11) DEFAULT '0',
  PRIMARY KEY (`yyyy`,`mm`,`empno`)
) ENGINE=InnoDB DEFAULT CHARSET=utf8;
/*!40101 SET character_set_client = @saved_cs_client */;

--
-- Dumping data for table `salaryregister`
--

LOCK TABLES `salaryregister` WRITE;
/*!40000 ALTER TABLE `salaryregister` DISABLE KEYS */;
/*!40000 ALTER TABLE `salaryregister` ENABLE KEYS */;
UNLOCK TABLES;

--
-- Table structure for table `salaryroll`
--

DROP TABLE IF EXISTS `salaryroll`;
/*!40101 SET @saved_cs_client     = @@character_set_client */;
/*!40101 SET character_set_client = utf8 */;
CREATE TABLE `salaryroll` (
  `yyyy` varchar(4) NOT NULL,
  `mm` varchar(2) DEFAULT NULL,
  `empno` varchar(6) DEFAULT NULL,
  `depart` varchar(20) DEFAULT NULL,
  `name` varchar(20) DEFAULT NULL,
  `partner` int(11) DEFAULT '0',
  `dependent20` int(11) DEFAULT '0',
  `dependent60` int(11) DEFAULT '0',
  `disabled` int(11) DEFAULT '0',
  `womanpower` int(11) DEFAULT '0',
  `pay12` int(11) DEFAULT '0',
  `sumpay` int(11) DEFAULT '0',
  `incomededuction` int(11) DEFAULT '0',
  `incomeamount` int(11) DEFAULT '0',
  `standardamount` int(11) DEFAULT '0',
  `calculatedtax` int(11) DEFAULT '0',
  `incometaxdeduction` int(11) DEFAULT '0',
  `decidedtax` int(11) DEFAULT '0',
  `simpletax` int(11) DEFAULT '0',
  `finalpay` int(11) DEFAULT '0',
  `personaldeduction` int(11) DEFAULT '0',
  `annuityinsurance` int(11) DEFAULT '0'
) ENGINE=InnoDB DEFAULT CHARSET=utf8;
/*!40101 SET character_set_client = @saved_cs_client */;

--
-- Dumping data for table `salaryroll`
--

LOCK TABLES `salaryroll` WRITE;
/*!40000 ALTER TABLE `salaryroll` DISABLE KEYS */;
INSERT INTO `salaryroll` VALUES ('2021','02','1','n','123',0,0,0,0,0,1476,0,3100118,-3097166,-4597298,-275837,0,-124127,-10300,10414,1500000,132),('2021','02','1','n','123',0,0,0,0,0,1476,0,3100118,-3097166,-4597298,-275837,0,-124127,-10300,10414,1500000,132),('2021','02','1234','n','이호풍',0,0,0,0,0,1476,0,3100118,-3097166,-4597298,-275837,0,-124127,-10300,10414,1500000,132),('2021','02','124','n','이호풍',0,0,0,0,0,1476,0,3100118,-3097166,-4597298,-275837,0,-124127,-10300,10414,1500000,132),('2021','02','14','n','이호풍',0,0,0,0,0,1476,0,3100118,-3097166,-4597298,-275837,0,-124127,-10300,10414,1500000,132),('2021','02','15','n','이호풍',0,1500000,1500000,0,0,144,0,5000027,-4999631,-9499643,-569978,0,-256491,-21300,21321,4500000,12),('2021','02','2','n','이호풍',0,0,0,0,0,1476,0,3100118,-3097166,-4597298,-275837,0,-124127,-10300,10414,1500000,132),('2021','02','5','n','이호풍',1,1500000,0,0,0,1500,0,5000210,-4997210,-9497342,-569840,0,-256428,-21300,21418,4500000,132),('2021','02','1','n','123',0,0,0,0,0,1476,0,3100118,-3097166,-4597298,-275837,0,-124127,-10300,10414,1500000,132),('2021','02','1234','n','이호풍',0,0,0,0,0,1476,0,3100118,-3097166,-4597298,-275837,0,-124127,-10300,10414,1500000,132),('2021','02','124','n','이호풍',0,0,0,0,0,1476,0,3100118,-3097166,-4597298,-275837,0,-124127,-10300,10414,1500000,132),('2021','02','14','n','이호풍',0,0,0,0,0,1476,0,3100118,-3097166,-4597298,-275837,0,-124127,-10300,10414,1500000,132),('2021','02','15','n','이호풍',0,1500000,1500000,0,0,144,0,5000027,-4999631,-9499643,-569978,0,-256491,-21300,21321,4500000,12),('2021','02','2','n','이호풍',0,0,0,0,0,1476,0,3100118,-3097166,-4597298,-275837,0,-124127,-10300,10414,1500000,132),('2021','02','5','n','이호풍',1,1500000,0,0,0,1500,0,5000210,-4997210,-9497342,-569840,0,-256428,-21300,21418,4500000,132),('2021','02','1','n','123',0,0,0,0,0,1476,0,3100118,-3097166,-4597298,-275837,0,-124127,-10300,10414,1500000,132),('2021','02','1234','n','이호풍',0,0,0,0,0,1476,0,3100118,-3097166,-4597298,-275837,0,-124127,-10300,10414,1500000,132),('2021','02','124','n','이호풍',0,0,0,0,0,1476,0,3100118,-3097166,-4597298,-275837,0,-124127,-10300,10414,1500000,132),('2021','02','14','n','이호풍',0,0,0,0,0,1476,0,3100118,-3097166,-4597298,-275837,0,-124127,-10300,10414,1500000,132),('2021','02','15','n','이호풍',0,1500000,1500000,0,0,144,0,5000027,-4999631,-9499643,-569978,0,-256491,-21300,21321,4500000,12),('2021','02','2','n','이호풍',0,0,0,0,0,1476,0,3100118,-3097166,-4597298,-275837,0,-124127,-10300,10414,1500000,132),('2021','02','5','n','이호풍',1,1500000,0,0,0,1500,0,5000210,-4997210,-9497342,-569840,0,-256428,-21300,21418,4500000,132),('2021','02','1','n','123',0,0,0,0,0,1476,0,3100118,-3097166,-4597298,-275837,0,-124127,-10300,10414,1500000,132),('2021','02','1234','n','이호풍',0,0,0,0,0,1476,0,3100118,-3097166,-4597298,-275837,0,-124127,-10300,10414,1500000,132),('2021','02','124','n','이호풍',0,0,0,0,0,1476,0,3100118,-3097166,-4597298,-275837,0,-124127,-10300,10414,1500000,132),('2021','02','14','n','이호풍',0,0,0,0,0,1476,0,3100118,-3097166,-4597298,-275837,0,-124127,-10300,10414,1500000,132),('2021','02','15','n','이호풍',0,1500000,1500000,0,0,144,0,5000027,-4999631,-9499643,-569978,0,-256491,-21300,21321,4500000,12),('2021','02','2','n','이호풍',0,0,0,0,0,1476,0,3100118,-3097166,-4597298,-275837,0,-124127,-10300,10414,1500000,132),('2021','02','5','n','이호풍',1,1500000,0,0,0,1500,0,5000210,-4997210,-9497342,-569840,0,-256428,-21300,21418,4500000,132),('2021','02','1','n','123',0,0,0,0,0,1476,0,3100118,-3097166,-4597298,-275837,0,-124127,-10300,10414,1500000,132),('2021','02','1234','n','이호풍',0,0,0,0,0,1476,0,3100118,-3097166,-4597298,-275837,0,-124127,-10300,10414,1500000,132),('2021','02','124','n','이호풍',0,0,0,0,0,1476,0,3100118,-3097166,-4597298,-275837,0,-124127,-10300,10414,1500000,132),('2021','02','14','n','이호풍',0,0,0,0,0,1476,0,3100118,-3097166,-4597298,-275837,0,-124127,-10300,10414,1500000,132),('2021','02','15','n','이호풍',0,1500000,1500000,0,0,144,0,5000027,-4999631,-9499643,-569978,0,-256491,-21300,21321,4500000,12),('2021','02','2','n','이호풍',0,0,0,0,0,1476,0,3100118,-3097166,-4597298,-275837,0,-124127,-10300,10414,1500000,132),('2021','02','5','n','이호풍',1,1500000,0,0,0,1500,0,5000210,-4997210,-9497342,-569840,0,-256428,-21300,21418,4500000,132),('2021','02','1','n','123',0,0,0,0,0,1476,0,3100118,-3097166,-4597298,-275837,0,-124127,-10300,10414,1500000,132),('2021','02','1234','n','이호풍',0,0,0,0,0,1476,0,3100118,-3097166,-4597298,-275837,0,-124127,-10300,10414,1500000,132),('2021','02','124','n','이호풍',0,0,0,0,0,1476,0,3100118,-3097166,-4597298,-275837,0,-124127,-10300,10414,1500000,132),('2021','02','14','n','이호풍',0,0,0,0,0,1476,0,3100118,-3097166,-4597298,-275837,0,-124127,-10300,10414,1500000,132),('2021','02','15','n','이호풍',0,1500000,1500000,0,0,144,0,5000027,-4999631,-9499643,-569978,0,-256491,-21300,21321,4500000,12),('2021','02','2','n','이호풍',0,0,0,0,0,1476,0,3100118,-3097166,-4597298,-275837,0,-124127,-10300,10414,1500000,132),('2021','02','5','n','이호풍',1,1500000,0,0,0,1500,0,5000210,-4997210,-9497342,-569840,0,-256428,-21300,21418,4500000,132),('2021','02','1','n','123',0,0,0,0,0,1476,0,3100118,-3097166,-4597298,-275837,0,-124127,-10300,10414,1500000,132),('2021','02','1234','n','이호풍',0,0,0,0,0,1476,0,3100118,-3097166,-4597298,-275837,0,-124127,-10300,10414,1500000,132),('2021','02','124','n','이호풍',0,0,0,0,0,1476,0,3100118,-3097166,-4597298,-275837,0,-124127,-10300,10414,1500000,132),('2021','02','14','n','이호풍',0,0,0,0,0,1476,0,3100118,-3097166,-4597298,-275837,0,-124127,-10300,10414,1500000,132),('2021','02','15','n','이호풍',0,1500000,1500000,0,0,144,0,5000027,-4999631,-9499643,-569978,0,-256491,-21300,21321,4500000,12),('2021','02','2','n','이호풍',0,0,0,0,0,1476,0,3100118,-3097166,-4597298,-275837,0,-124127,-10300,10414,1500000,132),('2021','02','5','n','이호풍',1,1500000,0,0,0,1500,0,5000210,-4997210,-9497342,-569840,0,-256428,-21300,21418,4500000,132),('2021','02','1','n','123',0,0,0,0,0,1476,0,3100118,-3097166,-4597298,-275837,0,-124127,-10300,10414,1500000,132),('2021','02','1234','n','이호풍',0,0,0,0,0,1476,0,3100118,-3097166,-4597298,-275837,0,-124127,-10300,10414,1500000,132),('2021','02','124','n','이호풍',0,0,0,0,0,1476,0,3100118,-3097166,-4597298,-275837,0,-124127,-10300,10414,1500000,132),('2021','02','14','n','이호풍',0,0,0,0,0,1476,0,3100118,-3097166,-4597298,-275837,0,-124127,-10300,10414,1500000,132),('2021','02','15','n','이호풍',0,1500000,1500000,0,0,144,0,5000027,-4999631,-9499643,-569978,0,-256491,-21300,21321,4500000,12),('2021','02','2','n','이호풍',0,0,0,0,0,1476,0,3100118,-3097166,-4597298,-275837,0,-124127,-10300,10414,1500000,132),('2021','02','5','n','이호풍',1,1500000,0,0,0,1500,0,5000210,-4997210,-9497342,-569840,0,-256428,-21300,21418,4500000,132),('2021','02','1','n','123',0,0,0,0,0,1476,0,3100118,-3097166,-4597298,-275837,0,-124127,-10300,10414,1500000,132),('2021','02','1234','n','이호풍',0,0,0,0,0,1476,0,3100118,-3097166,-4597298,-275837,0,-124127,-10300,10414,1500000,132),('2021','02','124','n','이호풍',0,0,0,0,0,1476,0,3100118,-3097166,-4597298,-275837,0,-124127,-10300,10414,1500000,132),('2021','02','14','n','이호풍',0,0,0,0,0,1476,0,3100118,-3097166,-4597298,-275837,0,-124127,-10300,10414,1500000,132),('2021','02','15','n','이호풍',0,1500000,1500000,0,0,144,0,5000027,-4999631,-9499643,-569978,0,-256491,-21300,21321,4500000,12),('2021','02','2','n','이호풍',0,0,0,0,0,1476,0,3100118,-3097166,-4597298,-275837,0,-124127,-10300,10414,1500000,132),('2021','02','5','n','이호풍',1,1500000,0,0,0,1500,0,5000210,-4997210,-9497342,-569840,0,-256428,-21300,21418,4500000,132),('2021','02','1','n','123',0,0,0,0,0,1476,0,3100118,-3097166,-4597298,-275837,0,-124127,-10300,10414,1500000,132),('2021','02','1234','n','이호풍',0,0,0,0,0,1476,0,3100118,-3097166,-4597298,-275837,0,-124127,-10300,10414,1500000,132),('2021','02','124','n','이호풍',0,0,0,0,0,1476,0,3100118,-3097166,-4597298,-275837,0,-124127,-10300,10414,1500000,132),('2021','02','14','n','이호풍',0,0,0,0,0,1476,0,3100118,-3097166,-4597298,-275837,0,-124127,-10300,10414,1500000,132),('2021','02','15','n','이호풍',0,1500000,1500000,0,0,144,0,5000027,-4999631,-9499643,-569978,0,-256491,-21300,21321,4500000,12),('2021','02','2','n','이호풍',0,0,0,0,0,1476,0,3100118,-3097166,-4597298,-275837,0,-124127,-10300,10414,1500000,132),('2021','02','5','n','이호풍',1,1500000,0,0,0,1500,0,5000210,-4997210,-9497342,-569840,0,-256428,-21300,21418,4500000,132),('2021','02','1','n','123',0,0,0,0,0,1476,0,3100118,-3097166,-4597298,-275837,0,-124127,-10300,10414,1500000,132),('2021','02','1234','n','이호풍',0,0,0,0,0,1476,0,3100118,-3097166,-4597298,-275837,0,-124127,-10300,10414,1500000,132),('2021','02','124','n','이호풍',0,0,0,0,0,1476,0,3100118,-3097166,-4597298,-275837,0,-124127,-10300,10414,1500000,132),('2021','02','14','n','이호풍',0,0,0,0,0,1476,0,3100118,-3097166,-4597298,-275837,0,-124127,-10300,10414,1500000,132),('2021','02','15','n','이호풍',0,1500000,1500000,0,0,144,0,5000027,-4999631,-9499643,-569978,0,-256491,-21300,21321,4500000,12),('2021','02','2','n','이호풍',0,0,0,0,0,1476,0,3100118,-3097166,-4597298,-275837,0,-124127,-10300,10414,1500000,132),('2021','02','5','n','이호풍',1,1500000,0,0,0,1500,0,5000210,-4997210,-9497342,-569840,0,-256428,-21300,21418,4500000,132),('2021','02','1','n','123',0,0,0,0,0,1476,0,3100118,-3097166,-4597298,-275837,0,-124127,-10300,10414,1500000,132),('2021','02','1234','n','이호풍',0,0,0,0,0,1476,0,3100118,-3097166,-4597298,-275837,0,-124127,-10300,10414,1500000,132),('2021','02','124','n','이호풍',0,0,0,0,0,1476,0,3100118,-3097166,-4597298,-275837,0,-124127,-10300,10414,1500000,132),('2021','02','14','n','이호풍',0,0,0,0,0,1476,0,3100118,-3097166,-4597298,-275837,0,-124127,-10300,10414,1500000,132),('2021','02','15','n','이호풍',0,1500000,1500000,0,0,144,0,5000027,-4999631,-9499643,-569978,0,-256491,-21300,21321,4500000,12),('2021','02','2','n','이호풍',0,0,0,0,0,1476,0,3100118,-3097166,-4597298,-275837,0,-124127,-10300,10414,1500000,132),('2021','02','5','n','이호풍',1,1500000,0,0,0,1500,0,5000210,-4997210,-9497342,-569840,0,-256428,-21300,21418,4500000,132),('2021','02','1','n','123',0,0,0,0,0,1476,0,3100118,-3097166,-4597298,-275837,0,-124127,-10300,10414,1500000,132),('2021','02','1234','n','이호풍',0,0,0,0,0,1476,0,3100118,-3097166,-4597298,-275837,0,-124127,-10300,10414,1500000,132),('2021','02','124','n','이호풍',0,0,0,0,0,1476,0,3100118,-3097166,-4597298,-275837,0,-124127,-10300,10414,1500000,132),('2021','02','14','n','이호풍',0,0,0,0,0,1476,0,3100118,-3097166,-4597298,-275837,0,-124127,-10300,10414,1500000,132),('2021','02','15','n','이호풍',0,1500000,1500000,0,0,144,0,5000027,-4999631,-9499643,-569978,0,-256491,-21300,21321,4500000,12),('2021','02','2','n','이호풍',0,0,0,0,0,1476,0,3100118,-3097166,-4597298,-275837,0,-124127,-10300,10414,1500000,132),('2021','02','5','n','이호풍',1,1500000,0,0,0,1500,0,5000210,-4997210,-9497342,-569840,0,-256428,-21300,21418,4500000,132),('2021','02','1','n','123',0,0,0,0,0,1476,0,3100118,-3097166,-4597298,-275837,0,-124127,-10300,10414,1500000,132),('2021','02','1234','n','이호풍',0,0,0,0,0,1476,0,3100118,-3097166,-4597298,-275837,0,-124127,-10300,10414,1500000,132),('2021','02','124','n','이호풍',0,0,0,0,0,1476,0,3100118,-3097166,-4597298,-275837,0,-124127,-10300,10414,1500000,132),('2021','02','14','n','이호풍',0,0,0,0,0,1476,0,3100118,-3097166,-4597298,-275837,0,-124127,-10300,10414,1500000,132),('2021','02','15','n','이호풍',0,1500000,1500000,0,0,144,0,5000027,-4999631,-9499643,-569978,0,-256491,-21300,21321,4500000,12),('2021','02','2','n','이호풍',0,0,0,0,0,1476,0,3100118,-3097166,-4597298,-275837,0,-124127,-10300,10414,1500000,132),('2021','02','5','n','이호풍',1,1500000,0,0,0,1500,0,5000210,-4997210,-9497342,-569840,0,-256428,-21300,21418,4500000,132),('2021','02','1','n','123',0,0,0,0,0,1476,0,3100118,-3097166,-4597298,-275837,0,-124127,-10300,10414,1500000,132),('2021','02','1234','n','이호풍',0,0,0,0,0,1476,0,3100118,-3097166,-4597298,-275837,0,-124127,-10300,10414,1500000,132),('2021','02','124','n','이호풍',0,0,0,0,0,1476,0,3100118,-3097166,-4597298,-275837,0,-124127,-10300,10414,1500000,132),('2021','02','14','n','이호풍',0,0,0,0,0,1476,0,3100118,-3097166,-4597298,-275837,0,-124127,-10300,10414,1500000,132),('2021','02','15','n','이호풍',0,1500000,1500000,0,0,144,0,5000027,-4999631,-9499643,-569978,0,-256491,-21300,21321,4500000,12),('2021','02','2','n','이호풍',0,0,0,0,0,1476,0,3100118,-3097166,-4597298,-275837,0,-124127,-10300,10414,1500000,132),('2021','02','5','n','이호풍',1,1500000,0,0,0,1500,0,5000210,-4997210,-9497342,-569840,0,-256428,-21300,21418,4500000,132),('2021','02','1','n','123',0,0,0,0,0,1476,0,3100118,-3097166,-4597298,-275837,0,-124127,-10300,10414,1500000,132),('2021','02','1234','n','이호풍',0,0,0,0,0,1476,0,3100118,-3097166,-4597298,-275837,0,-124127,-10300,10414,1500000,132),('2021','02','124','n','이호풍',0,0,0,0,0,1476,0,3100118,-3097166,-4597298,-275837,0,-124127,-10300,10414,1500000,132),('2021','02','14','n','이호풍',0,0,0,0,0,1476,0,3100118,-3097166,-4597298,-275837,0,-124127,-10300,10414,1500000,132),('2021','02','15','n','이호풍',0,1500000,1500000,0,0,144,0,5000027,-4999631,-9499643,-569978,0,-256491,-21300,21321,4500000,12),('2021','02','2','n','이호풍',0,0,0,0,0,1476,0,3100118,-3097166,-4597298,-275837,0,-124127,-10300,10414,1500000,132),('2021','02','5','n','이호풍',1,1500000,0,0,0,1500,0,5000210,-4997210,-9497342,-569840,0,-256428,-21300,21418,4500000,132),('2021','02','1','n','123',0,0,0,0,0,1476,0,3100118,-3097166,-4597298,-275837,0,-124127,-10300,10414,1500000,132),('2021','02','1234','n','이호풍',0,0,0,0,0,1476,0,3100118,-3097166,-4597298,-275837,0,-124127,-10300,10414,1500000,132),('2021','02','124','n','이호풍',0,0,0,0,0,1476,0,3100118,-3097166,-4597298,-275837,0,-124127,-10300,10414,1500000,132),('2021','02','14','n','이호풍',0,0,0,0,0,1476,0,3100118,-3097166,-4597298,-275837,0,-124127,-10300,10414,1500000,132),('2021','02','15','n','이호풍',0,1500000,1500000,0,0,144,0,5000027,-4999631,-9499643,-569978,0,-256491,-21300,21321,4500000,12),('2021','02','2','n','이호풍',0,0,0,0,0,1476,0,3100118,-3097166,-4597298,-275837,0,-124127,-10300,10414,1500000,132),('2021','02','5','n','이호풍',1,1500000,0,0,0,1500,0,5000210,-4997210,-9497342,-569840,0,-256428,-21300,21418,4500000,132),('2021','02','1','n','123',0,0,0,0,0,1476,0,3100118,-3097166,-4597298,-275837,0,-124127,-10300,10414,1500000,132),('2021','02','1234','n','이호풍',0,0,0,0,0,1476,0,3100118,-3097166,-4597298,-275837,0,-124127,-10300,10414,1500000,132),('2021','02','124','n','이호풍',0,0,0,0,0,1476,0,3100118,-3097166,-4597298,-275837,0,-124127,-10300,10414,1500000,132),('2021','02','14','n','이호풍',0,0,0,0,0,1476,0,3100118,-3097166,-4597298,-275837,0,-124127,-10300,10414,1500000,132),('2021','02','15','n','이호풍',0,1500000,1500000,0,0,144,0,5000027,-4999631,-9499643,-569978,0,-256491,-21300,21321,4500000,12),('2021','02','2','n','이호풍',0,0,0,0,0,1476,0,3100118,-3097166,-4597298,-275837,0,-124127,-10300,10414,1500000,132),('2021','02','5','n','이호풍',1,1500000,0,0,0,1500,0,5000210,-4997210,-9497342,-569840,0,-256428,-21300,21418,4500000,132),('2021','02','1','n','123',0,0,0,0,0,1476,0,3100118,-3097166,-4597298,-275837,0,-124127,-10300,10414,1500000,132),('2021','02','1234','n','이호풍',0,0,0,0,0,1476,0,3100118,-3097166,-4597298,-275837,0,-124127,-10300,10414,1500000,132),('2021','02','124','n','이호풍',0,0,0,0,0,1476,0,3100118,-3097166,-4597298,-275837,0,-124127,-10300,10414,1500000,132),('2021','02','14','n','이호풍',0,0,0,0,0,1476,0,3100118,-3097166,-4597298,-275837,0,-124127,-10300,10414,1500000,132),('2021','02','15','n','이호풍',0,1500000,1500000,0,0,144,0,5000027,-4999631,-9499643,-569978,0,-256491,-21300,21321,4500000,12),('2021','02','2','n','이호풍',0,0,0,0,0,1476,0,3100118,-3097166,-4597298,-275837,0,-124127,-10300,10414,1500000,132),('2021','02','5','n','이호풍',1,1500000,0,0,0,1500,0,5000210,-4997210,-9497342,-569840,0,-256428,-21300,21418,4500000,132),('2021','02','1','n','123',0,0,0,0,0,1476,0,3100118,-3097166,-4597298,-275837,0,-124127,-10300,10414,1500000,132),('2021','02','1234','n','이호풍',0,0,0,0,0,1476,0,3100118,-3097166,-4597298,-275837,0,-124127,-10300,10414,1500000,132),('2021','02','124','n','이호풍',0,0,0,0,0,1476,0,3100118,-3097166,-4597298,-275837,0,-124127,-10300,10414,1500000,132),('2021','02','14','n','이호풍',0,0,0,0,0,1476,0,3100118,-3097166,-4597298,-275837,0,-124127,-10300,10414,1500000,132),('2021','02','15','n','이호풍',0,1500000,1500000,0,0,144,0,5000027,-4999631,-9499643,-569978,0,-256491,-21300,21321,4500000,12),('2021','02','2','n','이호풍',0,0,0,0,0,1476,0,3100118,-3097166,-4597298,-275837,0,-124127,-10300,10414,1500000,132),('2021','02','5','n','이호풍',1,1500000,0,0,0,1500,0,5000210,-4997210,-9497342,-569840,0,-256428,-21300,21418,4500000,132),('2021','02','1','n','123',0,0,0,0,0,1476,0,3100118,-3097166,-4597298,-275837,0,-124127,-10300,10414,1500000,132),('2021','02','1234','n','이호풍',0,0,0,0,0,1476,0,3100118,-3097166,-4597298,-275837,0,-124127,-10300,10414,1500000,132),('2021','02','124','n','이호풍',0,0,0,0,0,1476,0,3100118,-3097166,-4597298,-275837,0,-124127,-10300,10414,1500000,132),('2021','02','14','n','이호풍',0,0,0,0,0,1476,0,3100118,-3097166,-4597298,-275837,0,-124127,-10300,10414,1500000,132),('2021','02','15','n','이호풍',0,1500000,1500000,0,0,144,0,5000027,-4999631,-9499643,-569978,0,-256491,-21300,21321,4500000,12),('2021','02','2','n','이호풍',0,0,0,0,0,1476,0,3100118,-3097166,-4597298,-275837,0,-124127,-10300,10414,1500000,132),('2021','02','5','n','이호풍',1,1500000,0,0,0,1500,0,5000210,-4997210,-9497342,-569840,0,-256428,-21300,21418,4500000,132),('2021','02','1','n','123',0,0,0,0,0,1476,0,3100118,-3097166,-4597298,-275837,0,-124127,-10300,10414,1500000,132),('2021','02','1234','n','이호풍',0,0,0,0,0,1476,0,3100118,-3097166,-4597298,-275837,0,-124127,-10300,10414,1500000,132),('2021','02','124','n','이호풍',0,0,0,0,0,1476,0,3100118,-3097166,-4597298,-275837,0,-124127,-10300,10414,1500000,132),('2021','02','14','n','이호풍',0,0,0,0,0,1476,0,3100118,-3097166,-4597298,-275837,0,-124127,-10300,10414,1500000,132),('2021','02','15','n','이호풍',0,1500000,1500000,0,0,144,0,5000027,-4999631,-9499643,-569978,0,-256491,-21300,21321,4500000,12),('2021','02','2','n','이호풍',0,0,0,0,0,1476,0,3100118,-3097166,-4597298,-275837,0,-124127,-10300,10414,1500000,132),('2021','02','5','n','이호풍',1,1500000,0,0,0,1500,0,5000210,-4997210,-9497342,-569840,0,-256428,-21300,21418,4500000,132),('2021','02','1','n','123',0,0,0,0,0,1476,0,3100118,-3097166,-4597298,-275837,0,-124127,-10300,10414,1500000,132),('2021','02','1234','n','이호풍',0,0,0,0,0,1476,0,3100118,-3097166,-4597298,-275837,0,-124127,-10300,10414,1500000,132),('2021','02','124','n','이호풍',0,0,0,0,0,1476,0,3100118,-3097166,-4597298,-275837,0,-124127,-10300,10414,1500000,132),('2021','02','14','n','이호풍',0,0,0,0,0,1476,0,3100118,-3097166,-4597298,-275837,0,-124127,-10300,10414,1500000,132),('2021','02','15','n','이호풍',0,1500000,1500000,0,0,144,0,5000027,-4999631,-9499643,-569978,0,-256491,-21300,21321,4500000,12),('2021','02','2','n','이호풍',0,0,0,0,0,1476,0,3100118,-3097166,-4597298,-275837,0,-124127,-10300,10414,1500000,132),('2021','02','5','n','이호풍',1,1500000,0,0,0,1500,0,5000210,-4997210,-9497342,-569840,0,-256428,-21300,21418,4500000,132);
/*!40000 ALTER TABLE `salaryroll` ENABLE KEYS */;
UNLOCK TABLES;

--
-- Table structure for table `vender`
--

DROP TABLE IF EXISTS `vender`;
/*!40101 SET @saved_cs_client     = @@character_set_client */;
/*!40101 SET character_set_client = utf8 */;
CREATE TABLE `vender` (
  `code` varchar(4) NOT NULL,
  `name` varchar(20) DEFAULT NULL,
  `busno1` varchar(3) DEFAULT NULL,
  `busno2` varchar(2) DEFAULT NULL,
  `busno3` varchar(5) DEFAULT NULL,
  `ceoname` varchar(20) DEFAULT NULL,
  `zipcode` varchar(5) DEFAULT NULL,
  `newaddr` varchar(100) DEFAULT NULL,
  `oldaddr` varchar(100) DEFAULT NULL,
  `aetailaddr` varchar(50) DEFAULT NULL,
  `officeno1` varchar(3) DEFAULT NULL,
  `officeno2` varchar(4) DEFAULT NULL,
  `officeno3` varchar(4) DEFAULT NULL,
  PRIMARY KEY (`code`)
) ENGINE=InnoDB DEFAULT CHARSET=utf8;
/*!40101 SET character_set_client = @saved_cs_client */;

--
-- Dumping data for table `vender`
--

LOCK TABLES `vender` WRITE;
/*!40000 ALTER TABLE `vender` DISABLE KEYS */;
INSERT INTO `vender` VALUES ('123','123','123','12','12345','123','','123','123',NULL,'123','1234','1234'),('1234','12422345','123','12','12345','123','123','123','123',NULL,'123','1234','1234');
/*!40000 ALTER TABLE `vender` ENABLE KEYS */;
UNLOCK TABLES;
/*!40103 SET TIME_ZONE=@OLD_TIME_ZONE */;

/*!40101 SET SQL_MODE=@OLD_SQL_MODE */;
/*!40014 SET FOREIGN_KEY_CHECKS=@OLD_FOREIGN_KEY_CHECKS */;
/*!40014 SET UNIQUE_CHECKS=@OLD_UNIQUE_CHECKS */;
/*!40101 SET CHARACTER_SET_CLIENT=@OLD_CHARACTER_SET_CLIENT */;
/*!40101 SET CHARACTER_SET_RESULTS=@OLD_CHARACTER_SET_RESULTS */;
/*!40101 SET COLLATION_CONNECTION=@OLD_COLLATION_CONNECTION */;
/*!40111 SET SQL_NOTES=@OLD_SQL_NOTES */;

-- Dump completed on 2021-02-26 16:30:17
