<?xml version="1.0" encoding="UTF-8"?>

<!DOCTYPE mapper PUBLIC "-//mybatis.org//DTD Mapper 3.0//EN" "http://mybatis.org/dtd/mybatis-3-mapper.dtd">

<mapper namespace="com.naver.dgkim1007.dao.BoardDao">

	<select id="selectOne" resultType="com.naver.dgkim1007.entities.Board">
		select * from Board where b_seq=#{b_seq}
	</select>
	
	<insert id="insertRow">
		insert into Board (b_seq,b_ref,b_name, b_step, b_email,b_title,b_content, b_hit,b_attach,
		b_inputtime,b_inputip
		)values(
		(SELECT ifnull(MAX(b_seq)+1,1 ) FROM board board_alias),
		(SELECT ifnull(MAX(b_seq)+1,1 ) FROM board board_alias),#{b_name},
		0,#{b_email},#{b_title},#{b_content},0,#{b_attach},#{b_inputtime},#{b_inputip}
		)
	</insert>
	
	<insert id="insertReplyRow">
		insert into Board (b_seq,b_ref,b_name, b_step, b_email,
		b_title,b_content, b_hit,b_attach,b_inputtime,b_inputip
		)values(
		(SELECT ifnull(MAX(b_seq)+1,1 ) FROM board board_alias),
		#{b_ref},#{b_name},
		(select ifnull(MAX(b_ref)+1,1 ) from board board_max where b_ref = #{b_ref}),
		#{b_email},#{b_title},
		#{b_content},0,#{b_attach},#{b_inputtime},#{b_inputip}
		)
	</insert>
	
	<update id="updateRow">
		update Board set b_title=#{b_title},b_content=#{b_content}
		where b_seq = #{b_seq}
	</update>
	
	<select id="selectAll" resultType="com.naver.dgkim1007.entities.Board">
		select * from Board
	</select>
	
	<update id="updateAjax">
		update Board set b_title=#{b_title},
		b_attach=#{b_attach},b_content=#{b_content},
		where b_seq = #{b_seq}
	</update>
	
	<update id="addHit">
		update board set b_hit = b_hit + 1 where b_seq=#{b_seq}
	</update>
	
	<delete id="deleteRow">
		delete from Board where b_seq=#{b_seq}
	</delete>
	
 	<select id="selectPageList" resultType="com.naver.dgkim1007.entities.Board">
		select * from Board order by b_ref desc, b_step asc
		limit #{startrow},#{endrow}
	</select>
	
	<select id="findListBoard" resultType="com.naver.dgkim1007.entities.Board">
		select * from Board where b_title like CONCAT('%',#{find},'%') 
		or b_name like  CONCAT('%',#{find},'%') or b_content like  CONCAT('%',#{find},'%') 
		order by b_ref desc, b_step asc
		limit #{startrow},#{endrow}
	</select>
	
	<select id="selectCountFirst" resultType="Integer">
		select count(*) from Board
	</select>
	
	<select id="selectCount" resultType="Integer">
		select count(*) from Board where b_title like CONCAT('%',#{find},'%') 
		or b_name like  CONCAT('%',#{find},'%') or b_content like  CONCAT('%',#{find},'%') 
	</select>
</mapper>