<?xml version="1.0" encoding="UTF-8"?>

<!DOCTYPE mapper PUBLIC "-//mybatis.org//DTD Mapper 3.0//EN" "http://mybatis.org/dtd/mybatis-3-mapper.dtd">

<mapper namespace="com.naver.dgkim1007.dao.SalaryDao">
	<select id="selectOne"
		resultType="com.naver.dgkim1007.entities.Salary">
		select * from salary where empno=#{empno}
	</select>

	<insert id="insertRow">
		insert into salary (empno, depart, name, partner,
		dependent20, dependent60, disabled, womanpower, pay, extra,yn)
		values(#{empno},#{depart},#{name},#{partner},#{dependent20},#{dependent60},#{disabled},#{womanpower},#{pay},#{extra},#{yn})
	</insert>
	<select id="selectAll"
		resultType="com.naver.dgkim1007.entities.Salary">
		select * from salary
	</select>
	<select id="selectTaxYes"
		resultType="com.naver.dgkim1007.entities.Salary">
		select * from salary where yn = 'y'
	</select>

	<update id="salaryUpdateAjax">
		update salary set yn=#{yn}
		where empno = #{empno};
	</update>

	<delete id="salaryDeleteAjax">
		delete from salary where empno=#{empno};
	</delete>
	<insert id="insertsalaryroll">
		insert into salaryroll (yyyy,
		mm, empno, depart, name,
		partner, dependent20,dependent60,disabled,womanpower,pay12,sumpay,
		incomededuction,incomeamount,standardamount,calculatedtax,incometaxdeduction
		,annuityinsurance,personaldeduction,decidedtax,simpletax,finalpay)
		values(#{yyyy},#{mm},#{empno},#{depart},#{name},#{partner},#{dependent20},#{dependent60},#{disabled},
		#{womanpower},#{pay12},#{sumpay},
		#{incomededuction},#{incomeamount},#{standardamount},#{calculatedtax},#{incometaxdeduction},
		#{annuityinsurance},#{personaldeduction},#{decidedtax},#{simpletax},#{finalpay})
	</insert>
	<select id="selectsalaryRollView" resultType = "com.naver.dgkim1007.entities.SalaryRollViewForBean">
	select *,sum(pay12) as mmpay,sum(annuityinsurance) as insurance,
	sum(simpletax) as tax,sum(finalpay) as lastmount from salaryroll
	where yyyy=#{yyyy} and mm=#{mm}
	group by depart, name WITH ROLLUP
	</select>

</mapper>