<?xml version="1.0" encoding="UTF-8"?>

<!DOCTYPE mapper PUBLIC "-//mybatis.org//DTD Mapper 3.0//EN" "http://mybatis.org/dtd/mybatis-3-mapper.dtd">

<mapper namespace="com.naver.dgkim1007.dao.VenderDao">
	<select id = "selectOne"
	 resultType ="com.naver.dgkim1007.entities.Vender">
	 select * from vender where code=#{code};
	</select>
	<insert id="insertRow">
		insert into vender (code, name, busno1, busno2,busno3,ceoname, zipcode,newaddr,oldaddr,aetailaddr,officeno1,officeno2,officeno3)
		values(#{code},#{name},#{busno1},#{busno2},#{busno3},#{ceoname},#{zipcode},#{newaddr},#{oldaddr},#{aetailaddr},#{officeno1},#{officeno2},#{officeno3})
	</insert>
	<select id = "selectAll"
	 resultType ="com.naver.dgkim1007.entities.Vender">
	select * from vender;
	</select>	
	<update id = "updateRow">
	update vender set 
		code = #{code},name = #{name},busno1 = #{busno1},busno2 = #{busno2},
		busno3 =#{busno3},ceoname = #{ceoname},zipcode = #{zipcode},
		newaddr = #{newaddr},oldaddr = #{oldaddr},aetailaddr = #{aetailaddr},
		officeno1 = #{officeno1},officeno2 = #{officeno2},officeno3 = #{officeno3}
		where code = #{code};
	</update>
	<delete id = "deleteAjax">
	delete from vender where code=#{code}
	</delete>
	
</mapper>