<?xml version="1.0" encoding="UTF-8" ?>
<!DOCTYPE configuration
  PUBLIC "-//mybatis.org//DTD Config 3.0//EN"
  "http://mybatis.org/dtd/mybatis-3-config.dtd">

<!-- https://mybatis.github.io/mybatis-3/ko/configuration.html -->

<configuration>
	<!-- <environments default="development"> -->
	<!-- <environment id="development"> -->
	<!-- <transactionManager type="JDBC"/> -->
	<!-- <dataSource type="POOLED"> -->
	<!-- <property name="driver" value="${driver}"/> -->
	<!-- <property name="url" value="${url}"/> -->
	<!-- <property name="username" value="${username}"/> -->
	<!-- <property name="password" value="${password}"/> -->
	<!-- </dataSource> -->
	<!-- </environment> -->
	<!-- </environments> -->
	<settings>
		<setting name="cacheEnabled" value="true" />
		<setting name="lazyLoadingEnabled" value="true" />
		<setting name="multipleResultSetsEnabled" value="true" />
		<setting name="useColumnLabel" value="true" />
		<setting name="useGeneratedKeys" value="false" />
		<setting name="autoMappingBehavior" value="PARTIAL" />
		<setting name="defaultExecutorType" value="SIMPLE" />
		<setting name="defaultStatementTimeout" value="25" />
		<setting name="safeRowBoundsEnabled" value="false" />
		<setting name="mapUnderscoreToCamelCase" value="false" />
		<setting name="localCacheScope" value="SESSION" />
		<setting name="jdbcTypeForNull" value="OTHER" />
		<setting name="lazyLoadTriggerMethods" value="equals,clone,hashCode,toString" />
	</settings>

	<!-- @Alias("author")로 대체 -->
	<!-- <typeAliases> -->
	<!-- <typeAlias alias="Author" type="ino.web.board.dto.BoardDto" /> -->
	<!-- </typeAliases> -->

	<typeAliases>
		<package name="ino.web.freeBoard.dto" />
	</typeAliases>
	
<!-- 이미 sqlsessionfactorybean 만들떄 넣었는데 왜 있는가 -->
<!-- 	<mappers> -->
<!-- 		<package name="WEB-INF/spring/mybatis/mapper" /> -->
<!-- 		<package name="mybatis.mapper"/> -->
<!-- 	</mappers> -->
</configuration>