<?xml version="1.0" encoding="UTF-8"?>
<!DOCTYPE mapper
    PUBLIC "-//mybatis.org//DTD Mapper 3.0//EN"
    "http://mybatis.org/dtd/mybatis-3-mapper.dtd">

<mapper namespace="com.naver.wlsrn1311.service.MemberDao">
	<resultMap type="com.naver.wlsrn1311.entitles.Member" id="memberMap">
		<id property="email" column="email" />
		<id property="name" column="name" />
		<id property="password" column="password" />
		<id property="phone" column="phone" />
		<id property="memlevel" column="memlevel" />
		<id property="photo" column="photo" />
	</resultMap>
	<select id="memberOne" parameterType="String" resultMap="memberMap">
		select *
		from member where email = #{email}

	</select>
	<select id="memberAll" resultType="int">
		select count(*) from member;
	</select>
	<insert id="memberInsert" parameterType="hashMap">
		insert into
		Member(email, name, password, phone, photo)
		values(#{email}, #{name},
		#{password}, #{phone}, #{photo})
	</insert>
	<update id="memberUpdate">
		update member set
		name=#{name},password=#{password},phone=#{phone},photo=#{photo}
		where
		email = #{email};
	</update>
	<select id="memberList" resultMap="memberMap">
		select * from member;
	</select>
	<update id="memberUpdateAjax">
		update member set
		memlevel = #{memlevel}
		where
		email = #{email};
	</update>
	<delete id="memberdeleteAjax">
	delete from member where email = #{email}
	</delete>
</mapper>